checkpoint,checkpoint_sha256,step,depth,condition,protein,msa_rows,extra_msa_rows,recycles,seed,ca_rmsd_angstrom
checkpoints/ckpt_runC.pt,9073afa220b47a1c570ed5caa239eacd6f41162263add6ee7e1cf82fcf4ea5ea,250000,64,sequence_only,crambin,1,0,3,42,10.0053
checkpoints/ckpt_runC.pt,9073afa220b47a1c570ed5caa239eacd6f41162263add6ee7e1cf82fcf4ea5ea,250000,64,sequence_only,cystatin-b,1,0,3,42,15.4458
checkpoints/ckpt_runC.pt,9073afa220b47a1c570ed5caa239eacd6f41162263add6ee7e1cf82fcf4ea5ea,250000,64,sequence_only,hbb,1,0,3,42,12.1788
checkpoints/ckpt_runC.pt,9073afa220b47a1c570ed5caa239eacd6f41162263add6ee7e1cf82fcf4ea5ea,250000,64,sequence_only,interferon_gamma,1,0,3,42,24.9000
checkpoints/ckpt_runC.pt,9073afa220b47a1c570ed5caa239eacd6f41162263add6ee7e1cf82fcf4ea5ea,250000,64,sequence_only,profilin-1,1,0,3,42,14.7230
checkpoints/ckpt_runC.pt,9073afa220b47a1c570ed5caa239eacd6f41162263add6ee7e1cf82fcf4ea5ea,250000,64,sequence_only,crambin,1,0,3,43,10.0053
checkpoints/ckpt_runC.pt,9073afa220b47a1c570ed5caa239eacd6f41162263add6ee7e1cf82fcf4ea5ea,250000,64,sequence_only,cystatin-b,1,0,3,43,15.4458
checkpoints/ckpt_runC.pt,9073afa220b47a1c570ed5caa239eacd6f41162263add6ee7e1cf82fcf4ea5ea,250000,64,sequence_only,hbb,1,0,3,43,12.1788
checkpoints/ckpt_runC.pt,9073afa220b47a1c570ed5caa239eacd6f41162263add6ee7e1cf82fcf4ea5ea,250000,64,sequence_only,interferon_gamma,1,0,3,43,24.9000
checkpoints/ckpt_runC.pt,9073afa220b47a1c570ed5caa239eacd6f41162263add6ee7e1cf82fcf4ea5ea,250000,64,sequence_only,profilin-1,1,0,3,43,14.7230
checkpoints/ckpt_runC.pt,9073afa220b47a1c570ed5caa239eacd6f41162263add6ee7e1cf82fcf4ea5ea,250000,64,sequence_only,crambin,1,0,3,44,10.0053
checkpoints/ckpt_runC.pt,9073afa220b47a1c570ed5caa239eacd6f41162263add6ee7e1cf82fcf4ea5ea,250000,64,sequence_only,cystatin-b,1,0,3,44,15.4458
checkpoints/ckpt_runC.pt,9073afa220b47a1c570ed5caa239eacd6f41162263add6ee7e1cf82fcf4ea5ea,250000,64,sequence_only,hbb,1,0,3,44,12.1788
checkpoints/ckpt_runC.pt,9073afa220b47a1c570ed5caa239eacd6f41162263add6ee7e1cf82fcf4ea5ea,250000,64,sequence_only,interferon_gamma,1,0,3,44,24.9000
checkpoints/ckpt_runC.pt,9073afa220b47a1c570ed5caa239eacd6f41162263add6ee7e1cf82fcf4ea5ea,250000,64,sequence_only,profilin-1,1,0,3,44,14.7230
checkpoints/ckpt_runC.pt,9073afa220b47a1c570ed5caa239eacd6f41162263add6ee7e1cf82fcf4ea5ea,250000,64,profile_only,crambin,1,0,3,42,10.0053
checkpoints/ckpt_runC.pt,9073afa220b47a1c570ed5caa239eacd6f41162263add6ee7e1cf82fcf4ea5ea,250000,64,profile_only,cystatin-b,1,0,3,42,15.4458
checkpoints/ckpt_runC.pt,9073afa220b47a1c570ed5caa239eacd6f41162263add6ee7e1cf82fcf4ea5ea,250000,64,profile_only,hbb,1,0,3,42,12.1788
checkpoints/ckpt_runC.pt,9073afa220b47a1c570ed5caa239eacd6f41162263add6ee7e1cf82fcf4ea5ea,250000,64,profile_only,interferon_gamma,1,0,3,42,24.9000
checkpoints/ckpt_runC.pt,9073afa220b47a1c570ed5caa239eacd6f41162263add6ee7e1cf82fcf4ea5ea,250000,64,profile_only,profilin-1,1,0,3,42,14.7230
checkpoints/ckpt_runC.pt,9073afa220b47a1c570ed5caa239eacd6f41162263add6ee7e1cf82fcf4ea5ea,250000,64,profile_only,crambin,1,0,3,43,10.0053
checkpoints/ckpt_runC.pt,9073afa220b47a1c570ed5caa239eacd6f41162263add6ee7e1cf82fcf4ea5ea,250000,64,profile_only,cystatin-b,1,0,3,43,15.4458
checkpoints/ckpt_runC.pt,9073afa220b47a1c570ed5caa239eacd6f41162263add6ee7e1cf82fcf4ea5ea,250000,64,profile_only,hbb,1,0,3,43,12.1788
checkpoints/ckpt_runC.pt,9073afa220b47a1c570ed5caa239eacd6f41162263add6ee7e1cf82fcf4ea5ea,250000,64,profile_only,interferon_gamma,1,0,3,43,24.9000
checkpoints/ckpt_runC.pt,9073afa220b47a1c570ed5caa239eacd6f41162263add6ee7e1cf82fcf4ea5ea,250000,64,profile_only,profilin-1,1,0,3,43,14.7230
checkpoints/ckpt_runC.pt,9073afa220b47a1c570ed5caa239eacd6f41162263add6ee7e1cf82fcf4ea5ea,250000,64,profile_only,crambin,1,0,3,44,10.0053
checkpoints/ckpt_runC.pt,9073afa220b47a1c570ed5caa239eacd6f41162263add6ee7e1cf82fcf4ea5ea,250000,64,profile_only,cystatin-b,1,0,3,44,15.4458
checkpoints/ckpt_runC.pt,9073afa220b47a1c570ed5caa239eacd6f41162263add6ee7e1cf82fcf4ea5ea,250000,64,profile_only,hbb,1,0,3,44,12.1788
checkpoints/ckpt_runC.pt,9073afa220b47a1c570ed5caa239eacd6f41162263add6ee7e1cf82fcf4ea5ea,250000,64,profile_only,interferon_gamma,1,0,3,44,24.9000
checkpoints/ckpt_runC.pt,9073afa220b47a1c570ed5caa239eacd6f41162263add6ee7e1cf82fcf4ea5ea,250000,64,profile_only,profilin-1,1,0,3,44,14.7230
checkpoints/ckpt_runC.pt,9073afa220b47a1c570ed5caa239eacd6f41162263add6ee7e1cf82fcf4ea5ea,250000,64,extra_no_profile,crambin,1,64,3,42,11.1374
checkpoints/ckpt_runC.pt,9073afa220b47a1c570ed5caa239eacd6f41162263add6ee7e1cf82fcf4ea5ea,250000,64,extra_no_profile,cystatin-b,1,64,3,42,17.9242
checkpoints/ckpt_runC.pt,9073afa220b47a1c570ed5caa239eacd6f41162263add6ee7e1cf82fcf4ea5ea,250000,64,extra_no_profile,hbb,1,64,3,42,6.1438
checkpoints/ckpt_runC.pt,9073afa220b47a1c570ed5caa239eacd6f41162263add6ee7e1cf82fcf4ea5ea,250000,64,extra_no_profile,interferon_gamma,1,64,3,42,21.2771
checkpoints/ckpt_runC.pt,9073afa220b47a1c570ed5caa239eacd6f41162263add6ee7e1cf82fcf4ea5ea,250000,64,extra_no_profile,profilin-1,1,64,3,42,16.5990
checkpoints/ckpt_runC.pt,9073afa220b47a1c570ed5caa239eacd6f41162263add6ee7e1cf82fcf4ea5ea,250000,64,extra_no_profile,crambin,1,64,3,43,10.9023
checkpoints/ckpt_runC.pt,9073afa220b47a1c570ed5caa239eacd6f41162263add6ee7e1cf82fcf4ea5ea,250000,64,extra_no_profile,cystatin-b,1,64,3,43,17.3938
checkpoints/ckpt_runC.pt,9073afa220b47a1c570ed5caa239eacd6f41162263add6ee7e1cf82fcf4ea5ea,250000,64,extra_no_profile,hbb,1,64,3,43,5.9786
checkpoints/ckpt_runC.pt,9073afa220b47a1c570ed5caa239eacd6f41162263add6ee7e1cf82fcf4ea5ea,250000,64,extra_no_profile,interferon_gamma,1,64,3,43,21.5172
checkpoints/ckpt_runC.pt,9073afa220b47a1c570ed5caa239eacd6f41162263add6ee7e1cf82fcf4ea5ea,250000,64,extra_no_profile,profilin-1,1,64,3,43,16.5281
checkpoints/ckpt_runC.pt,9073afa220b47a1c570ed5caa239eacd6f41162263add6ee7e1cf82fcf4ea5ea,250000,64,extra_no_profile,crambin,1,64,3,44,10.8167
checkpoints/ckpt_runC.pt,9073afa220b47a1c570ed5caa239eacd6f41162263add6ee7e1cf82fcf4ea5ea,250000,64,extra_no_profile,cystatin-b,1,64,3,44,17.3795
checkpoints/ckpt_runC.pt,9073afa220b47a1c570ed5caa239eacd6f41162263add6ee7e1cf82fcf4ea5ea,250000,64,extra_no_profile,hbb,1,64,3,44,6.0798
checkpoints/ckpt_runC.pt,9073afa220b47a1c570ed5caa239eacd6f41162263add6ee7e1cf82fcf4ea5ea,250000,64,extra_no_profile,interferon_gamma,1,64,3,44,21.5220
checkpoints/ckpt_runC.pt,9073afa220b47a1c570ed5caa239eacd6f41162263add6ee7e1cf82fcf4ea5ea,250000,64,extra_no_profile,profilin-1,1,64,3,44,15.7686
checkpoints/ckpt_runC.pt,9073afa220b47a1c570ed5caa239eacd6f41162263add6ee7e1cf82fcf4ea5ea,250000,64,extra_plus_profile,crambin,1,64,3,42,11.1374
checkpoints/ckpt_runC.pt,9073afa220b47a1c570ed5caa239eacd6f41162263add6ee7e1cf82fcf4ea5ea,250000,64,extra_plus_profile,cystatin-b,1,64,3,42,17.9242
checkpoints/ckpt_runC.pt,9073afa220b47a1c570ed5caa239eacd6f41162263add6ee7e1cf82fcf4ea5ea,250000,64,extra_plus_profile,hbb,1,64,3,42,6.1438
checkpoints/ckpt_runC.pt,9073afa220b47a1c570ed5caa239eacd6f41162263add6ee7e1cf82fcf4ea5ea,250000,64,extra_plus_profile,interferon_gamma,1,64,3,42,21.2771
checkpoints/ckpt_runC.pt,9073afa220b47a1c570ed5caa239eacd6f41162263add6ee7e1cf82fcf4ea5ea,250000,64,extra_plus_profile,profilin-1,1,64,3,42,16.5990
checkpoints/ckpt_runC.pt,9073afa220b47a1c570ed5caa239eacd6f41162263add6ee7e1cf82fcf4ea5ea,250000,64,extra_plus_profile,crambin,1,64,3,43,10.9023
checkpoints/ckpt_runC.pt,9073afa220b47a1c570ed5caa239eacd6f41162263add6ee7e1cf82fcf4ea5ea,250000,64,extra_plus_profile,cystatin-b,1,64,3,43,17.3938
checkpoints/ckpt_runC.pt,9073afa220b47a1c570ed5caa239eacd6f41162263add6ee7e1cf82fcf4ea5ea,250000,64,extra_plus_profile,hbb,1,64,3,43,5.9786
checkpoints/ckpt_runC.pt,9073afa220b47a1c570ed5caa239eacd6f41162263add6ee7e1cf82fcf4ea5ea,250000,64,extra_plus_profile,interferon_gamma,1,64,3,43,21.5172
checkpoints/ckpt_runC.pt,9073afa220b47a1c570ed5caa239eacd6f41162263add6ee7e1cf82fcf4ea5ea,250000,64,extra_plus_profile,profilin-1,1,64,3,43,16.5281
checkpoints/ckpt_runC.pt,9073afa220b47a1c570ed5caa239eacd6f41162263add6ee7e1cf82fcf4ea5ea,250000,64,extra_plus_profile,crambin,1,64,3,44,10.8168
checkpoints/ckpt_runC.pt,9073afa220b47a1c570ed5caa239eacd6f41162263add6ee7e1cf82fcf4ea5ea,250000,64,extra_plus_profile,cystatin-b,1,64,3,44,17.3795
checkpoints/ckpt_runC.pt,9073afa220b47a1c570ed5caa239eacd6f41162263add6ee7e1cf82fcf4ea5ea,250000,64,extra_plus_profile,hbb,1,64,3,44,6.0798
checkpoints/ckpt_runC.pt,9073afa220b47a1c570ed5caa239eacd6f41162263add6ee7e1cf82fcf4ea5ea,250000,64,extra_plus_profile,interferon_gamma,1,64,3,44,21.5220
checkpoints/ckpt_runC.pt,9073afa220b47a1c570ed5caa239eacd6f41162263add6ee7e1cf82fcf4ea5ea,250000,64,extra_plus_profile,profilin-1,1,64,3,44,15.7686
