checkpoint,checkpoint_sha256,step,requested_depth,protein,msa_rows,extra_msa_rows,recycles,seed,ca_rmsd_angstrom
checkpoints/ckpt_runC.pt,9073afa220b47a1c570ed5caa239eacd6f41162263add6ee7e1cf82fcf4ea5ea,250000,1,crambin,1,0,3,42,10.0053
checkpoints/ckpt_runC.pt,9073afa220b47a1c570ed5caa239eacd6f41162263add6ee7e1cf82fcf4ea5ea,250000,1,cystatin-b,1,0,3,42,15.4458
checkpoints/ckpt_runC.pt,9073afa220b47a1c570ed5caa239eacd6f41162263add6ee7e1cf82fcf4ea5ea,250000,1,hbb,1,0,3,42,12.1788
checkpoints/ckpt_runC.pt,9073afa220b47a1c570ed5caa239eacd6f41162263add6ee7e1cf82fcf4ea5ea,250000,1,interferon_gamma,1,0,3,42,24.9000
checkpoints/ckpt_runC.pt,9073afa220b47a1c570ed5caa239eacd6f41162263add6ee7e1cf82fcf4ea5ea,250000,1,profilin-1,1,0,3,42,14.7230
checkpoints/ckpt_runC.pt,9073afa220b47a1c570ed5caa239eacd6f41162263add6ee7e1cf82fcf4ea5ea,250000,1,crambin,1,0,3,43,10.0053
checkpoints/ckpt_runC.pt,9073afa220b47a1c570ed5caa239eacd6f41162263add6ee7e1cf82fcf4ea5ea,250000,1,cystatin-b,1,0,3,43,15.4458
checkpoints/ckpt_runC.pt,9073afa220b47a1c570ed5caa239eacd6f41162263add6ee7e1cf82fcf4ea5ea,250000,1,hbb,1,0,3,43,12.1788
checkpoints/ckpt_runC.pt,9073afa220b47a1c570ed5caa239eacd6f41162263add6ee7e1cf82fcf4ea5ea,250000,1,interferon_gamma,1,0,3,43,24.9000
checkpoints/ckpt_runC.pt,9073afa220b47a1c570ed5caa239eacd6f41162263add6ee7e1cf82fcf4ea5ea,250000,1,profilin-1,1,0,3,43,14.7230
checkpoints/ckpt_runC.pt,9073afa220b47a1c570ed5caa239eacd6f41162263add6ee7e1cf82fcf4ea5ea,250000,1,crambin,1,0,3,44,10.0053
checkpoints/ckpt_runC.pt,9073afa220b47a1c570ed5caa239eacd6f41162263add6ee7e1cf82fcf4ea5ea,250000,1,cystatin-b,1,0,3,44,15.4458
checkpoints/ckpt_runC.pt,9073afa220b47a1c570ed5caa239eacd6f41162263add6ee7e1cf82fcf4ea5ea,250000,1,hbb,1,0,3,44,12.1788
checkpoints/ckpt_runC.pt,9073afa220b47a1c570ed5caa239eacd6f41162263add6ee7e1cf82fcf4ea5ea,250000,1,interferon_gamma,1,0,3,44,24.9000
checkpoints/ckpt_runC.pt,9073afa220b47a1c570ed5caa239eacd6f41162263add6ee7e1cf82fcf4ea5ea,250000,1,profilin-1,1,0,3,44,14.7230
checkpoints/ckpt_runC.pt,9073afa220b47a1c570ed5caa239eacd6f41162263add6ee7e1cf82fcf4ea5ea,250000,8,crambin,8,8,3,42,10.7018
checkpoints/ckpt_runC.pt,9073afa220b47a1c570ed5caa239eacd6f41162263add6ee7e1cf82fcf4ea5ea,250000,8,cystatin-b,8,8,3,42,18.1708
checkpoints/ckpt_runC.pt,9073afa220b47a1c570ed5caa239eacd6f41162263add6ee7e1cf82fcf4ea5ea,250000,8,hbb,8,8,3,42,6.5269
checkpoints/ckpt_runC.pt,9073afa220b47a1c570ed5caa239eacd6f41162263add6ee7e1cf82fcf4ea5ea,250000,8,interferon_gamma,8,8,3,42,22.0661
checkpoints/ckpt_runC.pt,9073afa220b47a1c570ed5caa239eacd6f41162263add6ee7e1cf82fcf4ea5ea,250000,8,profilin-1,8,8,3,42,16.0936
checkpoints/ckpt_runC.pt,9073afa220b47a1c570ed5caa239eacd6f41162263add6ee7e1cf82fcf4ea5ea,250000,8,crambin,8,8,3,43,14.6023
checkpoints/ckpt_runC.pt,9073afa220b47a1c570ed5caa239eacd6f41162263add6ee7e1cf82fcf4ea5ea,250000,8,cystatin-b,8,8,3,43,16.5938
checkpoints/ckpt_runC.pt,9073afa220b47a1c570ed5caa239eacd6f41162263add6ee7e1cf82fcf4ea5ea,250000,8,hbb,8,8,3,43,6.5016
checkpoints/ckpt_runC.pt,9073afa220b47a1c570ed5caa239eacd6f41162263add6ee7e1cf82fcf4ea5ea,250000,8,interferon_gamma,8,8,3,43,21.7110
checkpoints/ckpt_runC.pt,9073afa220b47a1c570ed5caa239eacd6f41162263add6ee7e1cf82fcf4ea5ea,250000,8,profilin-1,8,8,3,43,16.9644
checkpoints/ckpt_runC.pt,9073afa220b47a1c570ed5caa239eacd6f41162263add6ee7e1cf82fcf4ea5ea,250000,8,crambin,8,8,3,44,11.2471
checkpoints/ckpt_runC.pt,9073afa220b47a1c570ed5caa239eacd6f41162263add6ee7e1cf82fcf4ea5ea,250000,8,cystatin-b,8,8,3,44,18.1046
checkpoints/ckpt_runC.pt,9073afa220b47a1c570ed5caa239eacd6f41162263add6ee7e1cf82fcf4ea5ea,250000,8,hbb,8,8,3,44,6.1272
checkpoints/ckpt_runC.pt,9073afa220b47a1c570ed5caa239eacd6f41162263add6ee7e1cf82fcf4ea5ea,250000,8,interferon_gamma,8,8,3,44,21.6930
checkpoints/ckpt_runC.pt,9073afa220b47a1c570ed5caa239eacd6f41162263add6ee7e1cf82fcf4ea5ea,250000,8,profilin-1,8,8,3,44,15.8310
checkpoints/ckpt_runC.pt,9073afa220b47a1c570ed5caa239eacd6f41162263add6ee7e1cf82fcf4ea5ea,250000,32,crambin,32,32,3,42,10.4547
checkpoints/ckpt_runC.pt,9073afa220b47a1c570ed5caa239eacd6f41162263add6ee7e1cf82fcf4ea5ea,250000,32,cystatin-b,32,32,3,42,18.4033
checkpoints/ckpt_runC.pt,9073afa220b47a1c570ed5caa239eacd6f41162263add6ee7e1cf82fcf4ea5ea,250000,32,hbb,32,32,3,42,6.3837
checkpoints/ckpt_runC.pt,9073afa220b47a1c570ed5caa239eacd6f41162263add6ee7e1cf82fcf4ea5ea,250000,32,interferon_gamma,32,32,3,42,21.7994
checkpoints/ckpt_runC.pt,9073afa220b47a1c570ed5caa239eacd6f41162263add6ee7e1cf82fcf4ea5ea,250000,32,profilin-1,32,32,3,42,16.1387
checkpoints/ckpt_runC.pt,9073afa220b47a1c570ed5caa239eacd6f41162263add6ee7e1cf82fcf4ea5ea,250000,32,crambin,32,32,3,43,11.0614
checkpoints/ckpt_runC.pt,9073afa220b47a1c570ed5caa239eacd6f41162263add6ee7e1cf82fcf4ea5ea,250000,32,cystatin-b,32,32,3,43,17.9656
checkpoints/ckpt_runC.pt,9073afa220b47a1c570ed5caa239eacd6f41162263add6ee7e1cf82fcf4ea5ea,250000,32,hbb,32,32,3,43,6.3133
checkpoints/ckpt_runC.pt,9073afa220b47a1c570ed5caa239eacd6f41162263add6ee7e1cf82fcf4ea5ea,250000,32,interferon_gamma,32,32,3,43,21.6230
checkpoints/ckpt_runC.pt,9073afa220b47a1c570ed5caa239eacd6f41162263add6ee7e1cf82fcf4ea5ea,250000,32,profilin-1,32,32,3,43,16.1117
checkpoints/ckpt_runC.pt,9073afa220b47a1c570ed5caa239eacd6f41162263add6ee7e1cf82fcf4ea5ea,250000,32,crambin,32,32,3,44,10.3092
checkpoints/ckpt_runC.pt,9073afa220b47a1c570ed5caa239eacd6f41162263add6ee7e1cf82fcf4ea5ea,250000,32,cystatin-b,32,32,3,44,16.5761
checkpoints/ckpt_runC.pt,9073afa220b47a1c570ed5caa239eacd6f41162263add6ee7e1cf82fcf4ea5ea,250000,32,hbb,32,32,3,44,6.1806
checkpoints/ckpt_runC.pt,9073afa220b47a1c570ed5caa239eacd6f41162263add6ee7e1cf82fcf4ea5ea,250000,32,interferon_gamma,32,32,3,44,21.7784
checkpoints/ckpt_runC.pt,9073afa220b47a1c570ed5caa239eacd6f41162263add6ee7e1cf82fcf4ea5ea,250000,32,profilin-1,32,32,3,44,15.9686
checkpoints/ckpt_runC.pt,9073afa220b47a1c570ed5caa239eacd6f41162263add6ee7e1cf82fcf4ea5ea,250000,64,crambin,64,64,3,42,11.1374
checkpoints/ckpt_runC.pt,9073afa220b47a1c570ed5caa239eacd6f41162263add6ee7e1cf82fcf4ea5ea,250000,64,cystatin-b,64,64,3,42,17.9242
checkpoints/ckpt_runC.pt,9073afa220b47a1c570ed5caa239eacd6f41162263add6ee7e1cf82fcf4ea5ea,250000,64,hbb,64,64,3,42,6.1438
checkpoints/ckpt_runC.pt,9073afa220b47a1c570ed5caa239eacd6f41162263add6ee7e1cf82fcf4ea5ea,250000,64,interferon_gamma,64,64,3,42,21.2771
checkpoints/ckpt_runC.pt,9073afa220b47a1c570ed5caa239eacd6f41162263add6ee7e1cf82fcf4ea5ea,250000,64,profilin-1,64,64,3,42,16.5990
checkpoints/ckpt_runC.pt,9073afa220b47a1c570ed5caa239eacd6f41162263add6ee7e1cf82fcf4ea5ea,250000,64,crambin,64,64,3,43,10.9023
checkpoints/ckpt_runC.pt,9073afa220b47a1c570ed5caa239eacd6f41162263add6ee7e1cf82fcf4ea5ea,250000,64,cystatin-b,64,64,3,43,17.3938
checkpoints/ckpt_runC.pt,9073afa220b47a1c570ed5caa239eacd6f41162263add6ee7e1cf82fcf4ea5ea,250000,64,hbb,64,64,3,43,5.9786
checkpoints/ckpt_runC.pt,9073afa220b47a1c570ed5caa239eacd6f41162263add6ee7e1cf82fcf4ea5ea,250000,64,interferon_gamma,64,64,3,43,21.5172
checkpoints/ckpt_runC.pt,9073afa220b47a1c570ed5caa239eacd6f41162263add6ee7e1cf82fcf4ea5ea,250000,64,profilin-1,64,64,3,43,16.5281
checkpoints/ckpt_runC.pt,9073afa220b47a1c570ed5caa239eacd6f41162263add6ee7e1cf82fcf4ea5ea,250000,64,crambin,64,64,3,44,10.8168
checkpoints/ckpt_runC.pt,9073afa220b47a1c570ed5caa239eacd6f41162263add6ee7e1cf82fcf4ea5ea,250000,64,cystatin-b,64,64,3,44,17.3795
checkpoints/ckpt_runC.pt,9073afa220b47a1c570ed5caa239eacd6f41162263add6ee7e1cf82fcf4ea5ea,250000,64,hbb,64,64,3,44,6.0798
checkpoints/ckpt_runC.pt,9073afa220b47a1c570ed5caa239eacd6f41162263add6ee7e1cf82fcf4ea5ea,250000,64,interferon_gamma,64,64,3,44,21.5220
checkpoints/ckpt_runC.pt,9073afa220b47a1c570ed5caa239eacd6f41162263add6ee7e1cf82fcf4ea5ea,250000,64,profilin-1,64,64,3,44,15.7686
checkpoints/ckpt_runC.pt,9073afa220b47a1c570ed5caa239eacd6f41162263add6ee7e1cf82fcf4ea5ea,250000,192,crambin,192,125,3,42,11.1466
checkpoints/ckpt_runC.pt,9073afa220b47a1c570ed5caa239eacd6f41162263add6ee7e1cf82fcf4ea5ea,250000,192,cystatin-b,192,192,3,42,17.5288
checkpoints/ckpt_runC.pt,9073afa220b47a1c570ed5caa239eacd6f41162263add6ee7e1cf82fcf4ea5ea,250000,192,hbb,192,192,3,42,6.1858
checkpoints/ckpt_runC.pt,9073afa220b47a1c570ed5caa239eacd6f41162263add6ee7e1cf82fcf4ea5ea,250000,192,interferon_gamma,192,192,3,42,21.6484
checkpoints/ckpt_runC.pt,9073afa220b47a1c570ed5caa239eacd6f41162263add6ee7e1cf82fcf4ea5ea,250000,192,profilin-1,192,192,3,42,16.2586
checkpoints/ckpt_runC.pt,9073afa220b47a1c570ed5caa239eacd6f41162263add6ee7e1cf82fcf4ea5ea,250000,192,crambin,192,125,3,43,10.8817
checkpoints/ckpt_runC.pt,9073afa220b47a1c570ed5caa239eacd6f41162263add6ee7e1cf82fcf4ea5ea,250000,192,cystatin-b,192,192,3,43,17.5008
checkpoints/ckpt_runC.pt,9073afa220b47a1c570ed5caa239eacd6f41162263add6ee7e1cf82fcf4ea5ea,250000,192,hbb,192,192,3,43,6.1835
checkpoints/ckpt_runC.pt,9073afa220b47a1c570ed5caa239eacd6f41162263add6ee7e1cf82fcf4ea5ea,250000,192,interferon_gamma,192,192,3,43,21.6331
checkpoints/ckpt_runC.pt,9073afa220b47a1c570ed5caa239eacd6f41162263add6ee7e1cf82fcf4ea5ea,250000,192,profilin-1,192,192,3,43,15.8509
checkpoints/ckpt_runC.pt,9073afa220b47a1c570ed5caa239eacd6f41162263add6ee7e1cf82fcf4ea5ea,250000,192,crambin,192,125,3,44,11.4471
checkpoints/ckpt_runC.pt,9073afa220b47a1c570ed5caa239eacd6f41162263add6ee7e1cf82fcf4ea5ea,250000,192,cystatin-b,192,192,3,44,17.3449
checkpoints/ckpt_runC.pt,9073afa220b47a1c570ed5caa239eacd6f41162263add6ee7e1cf82fcf4ea5ea,250000,192,hbb,192,192,3,44,6.1561
checkpoints/ckpt_runC.pt,9073afa220b47a1c570ed5caa239eacd6f41162263add6ee7e1cf82fcf4ea5ea,250000,192,interferon_gamma,192,192,3,44,21.6520
checkpoints/ckpt_runC.pt,9073afa220b47a1c570ed5caa239eacd6f41162263add6ee7e1cf82fcf4ea5ea,250000,192,profilin-1,192,192,3,44,15.9016
